<?xml version="1.0" encoding="UTF-8"?>
<beans xmlns="http://www.springframework.org/schema/beans"
	xmlns:xsi="http://www.w3.org/2001/XMLSchema-instance"
	xsi:schemaLocation="http://www.springframework.org/schema/beans http://www.springframework.org/schema/beans/spring-beans-3.0.xsd">

	<bean id="connectionFactory" class="org.springframework.amqp.rabbit.connection.SingleConnectionFactory">
	    <constructor-arg value="localhost"/>
	    <property name="username" value="guest"/>
	    <property name="password" value="guest"/>
	</bean>
	
	<bean id="amqpAdmin" class="org.springframework.amqp.rabbit.core.RabbitAdmin">
		<constructor-arg ref="connectionFactory"/>
	</bean>
	
</beans>
