<?xml version="1.0" encoding="UTF-8"?>
<beans xmlns="http://www.springframework.org/schema/beans"
	xmlns:xsi="http://www.w3.org/2001/XMLSchema-instance" 
	xmlns:aop="http://www.springframework.org/schema/aop"
	xmlns:tx="http://www.springframework.org/schema/tx"
	xmlns:context="http://www.springframework.org/schema/context"
	xmlns:mvc="http://www.springframework.org/schema/mvc"
	xmlns:p="http://www.springframework.org/schema/p" 
    xmlns:util="http://www.springframework.org/schema/util"
	xsi:schemaLocation="http://www.springframework.org/schema/beans 
	   		http://www.springframework.org/schema/beans/spring-beans-3.0.xsd
	   		http://www.springframework.org/schema/tx 
	   		http://www.springframework.org/schema/tx/spring-tx-3.0.xsd
	   		http://www.springframework.org/schema/context
	   		http://www.springframework.org/schema/context/spring-context-3.0.xsd
			http://www.springframework.org/schema/aop 
			http://www.springframework.org/schema/aop/spring-aop-3.0.xsd		   
			http://www.springframework.org/schema/util 
			http://www.springframework.org/schema/util/spring-util-3.0.xsd		   
			http://www.springframework.org/schema/mvc 
			http://www.springframework.org/schema/mvc/spring-mvc-3.0.xsd"
	default-lazy-init="false">

	<context:annotation-config />

	<!-- Provides connection to the RabbitMQ broker -->
	<bean id="rabbitConnectionFactory" class="org.springframework.amqp.rabbit.connection.CachingConnectionFactory"
		p:username="guest" p:password="guest" p:port="5672">
		<constructor-arg value="localhost" />
	</bean>

	<!-- A template for sending messages and performing other commands to RabbitMQ -->
	<bean id="rabbitTemplate" class="org.springframework.amqp.rabbit.core.RabbitTemplate"
		p:connectionFactory-ref="rabbitConnectionFactory" />

	<!-- Our custom sender -->
	<bean id="messageSender" class="org.krams.tutorial.rabbit.MessageSender" />

	<!-- This helps in configuring the AMQP broker, like creating a new queue -->
	<bean id="amqpAdmin" class="org.springframework.amqp.rabbit.core.RabbitAdmin">
		<constructor-arg ref="rabbitConnectionFactory"/>
	</bean>

</beans>
